<?xml version="1.0" encoding="utf-8"?>
<layout>
	<grid>

		<row>
			<!-- <button id= "sublimetext" icon= "window" color= "#1B1F2E" onTap= "sublimetext" /> -->
			<button id= "alttab" icon= "docswitch" color= "#1B1F2E" onTap= "alttab" />
			<button id= "exit" icon= "docclose" color= "#1B1F2E" onTap= "exit" />
		</row>

		<row weight="wrap">
			<label text="Zoom" color="#42475E" />
		</row>

		<row>
			<button id= "zoom_out" icon= "zoomout" color= "#42475E" onTap= "zoom_out" />
			<button id= "zoom_in" icon= "zoomin" color= "#42475E" onTap= "zoom_in" />
		</row>

		<row weight="wrap">
			<label text="Slides" color="#4AC547" />
		</row>

		<row>
			<button id= "navigateslides_up" icon= "up" color= "#4AC547" onTap= "navigateslides_up" />
			<button id= "navigateslides_down" icon= "down" color= "#4AC547" onTap= "navigateslides_down" />
		</row>

		<row weight="wrap">
			<label text="MediaLinks" color="#3572D7" />
		</row>

		<row>
			<button id= "navigatemedialinks_up" icon= "docleft" color= "#3572D7" onTap= "navigatemedialinks_up" />
			<button id= "navigatemedialinks_down" icon= "docright" color= "#3572D7" onTap= "navigatemedialinks_down" />
		</row>


	</grid>
</layout>
